brand,title,type,price
Dior,Christian Dior Sauvage Men's EDP 3.4 oz Fragrance Spray,Eau de Parfum,84.99
AS SHOW,A-v-entus Eau de Parfum 3.3 oz 100ML Millesime EDP Col-ogne for Men New In Box,Eau de Parfum,109.99
Unbranded,HOGO BOSS cologne For Men 3.4 oz,Eau de Toilette,100
Giorgio Armani,Acqua Di Gio by Giorgio Armani 6.7 Fl oz Eau De Toilette Spray Men' New & Sealed,Eau de Toilette,44.99
Lattafa,Lattafa Men's Hayaati Al Maleky EDP Spray 3.4 oz Fragrances 6291108734056,Fragrances,16.91
Multiple Brands,Men's Perfume Sampler 10pcs Sample Vials Designer Fragrance Samples for Men,Perfume,14.99
Maison Alhambra,Glacier Bold by Maison Alhambra 3.4oz EDP for Men NEW SEALED CAN,Eau de Parfum,30.99
Unbranded,Parfums De-Marly-Haltane Eau de Parfum spray 4.2 oz for Men New in Box,Eau de Parfum,85
Unbranded,Hawas for him Eau De Parfum By Rasasi 100ml 3.4 FL OZ NEW,/,15.89
Gucci,"Gucci Guilty for Him - Classic 3oz Eau de Toilette Spray, Brand New",Eau de Parfum,49.99
